{
    "score": 0.05318352059925102,
    "exact_accuracy": 0.0,
    "accuracy": 0.5108614232209738,
    "hallucination": 0.45767790262172287,
    "missing": 0.03146067415730337,
    "n_miss": 42,
    "n_correct": 682,
    "n_correct_exact": 0,
    "total": 1335
}